id,first_name,last_name,email,gender,ip_address
1,Mikel,MacCleod,mmaccleod0@vinaora.com,Male,255.121.85.92
2,Boote,Dmitrienko,bdmitrienko1@vinaora.com,Male,95.228.11.41
3,Frazier,Luciani,fluciani2@google.cn,Male,33.109.55.43
4,Ethelyn,Drakeford,edrakeford3@archive.org,Bigender,225.216.122.233
5,Antin,Bech,abech4@miibeian.gov.cn,Male,20.219.171.69
6,Ashil,Montez,amontez5@globo.com,Female,11.214.214.139
7,Trever,Scoullar,tscoullar6@squarespace.com,Male,171.145.138.125
8,Wye,Dienes,wdienes7@bandcamp.com,Male,15.210.79.94
9,Ezechiel,Cock,ecock8@ucoz.com,Male,126.135.164.150
10,Kerry,Crathern,kcrathern9@cdbaby.com,Male,192.120.235.39
11,Mirabelle,Grimwad,mgrimwada@quantcast.com,Female,177.162.178.111
12,Nobie,Worledge,nworledgeb@irs.gov,Male,71.92.248.168
13,Roseanna,Michael,rmichaelc@4shared.com,Female,28.236.3.130
14,Elinor,McNiven,emcnivend@nhs.uk,Female,87.163.139.164
15,Josey,Caplis,jcaplise@issuu.com,Female,145.239.178.67
16,Dru,Bibby,dbibbyf@meetup.com,Female,67.45.21.30
17,Zita,Crock,zcrockg@devhub.com,Female,225.201.253.8
18,Rafferty,Mainds,rmaindsh@ebay.co.uk,Male,132.87.184.152
19,Brose,Tavner,btavneri@cmu.edu,Male,99.149.207.138
20,Shalna,Grewer,sgrewerj@tripod.com,Female,233.24.247.21
21,Judd,Skyme,jskymek@macromedia.com,Male,253.21.59.223
22,Eveline,Corneliussen,ecorneliussenl@vinaora.com,Female,227.200.210.190
23,Ian,Meaders,imeadersm@fda.gov,Genderfluid,229.101.183.104
24,Joell,Nasi,jnasin@com.com,Female,53.69.251.151
25,Hagan,Applegate,happlegateo@google.de,Male,235.131.17.206
26,Inger,Dabling,idablingp@fotki.com,Male,146.38.48.134
27,Heidie,Kilpin,hkilpinq@domainmarket.com,Female,61.89.195.22
28,Gradeigh,Able,gabler@illinois.edu,Non-binary,152.181.231.127
29,Leland,Beswell,lbeswells@themeforest.net,Male,131.3.66.203
30,Glenine,Gourdon,ggourdont@wix.com,Female,216.51.252.119
31,Jeddy,Thewlis,jthewlisu@fotki.com,Male,26.139.204.115
32,Robbin,Willets,rwilletsv@de.vu,Female,29.136.182.42
33,Tommie,Sivell,tsivellw@shinystat.com,Male,92.114.178.73
34,Reade,Liggens,rliggensx@zimbio.com,Male,108.66.126.78
35,Philomena,Mac,pmacy@cdc.gov,Female,216.23.237.113
36,Andie,Bellany,abellanyz@dion.ne.jp,Male,41.119.145.121
37,Caprice,Booty,cbooty10@thetimes.co.uk,Female,87.43.202.241
38,Minnnie,Gorelli,mgorelli11@example.com,Female,194.28.49.167
39,Guss,Rawcliffe,grawcliffe12@zdnet.com,Male,118.228.73.41
40,Obediah,St. Paul,ostpaul13@dot.gov,Male,141.84.162.22
41,Kynthia,Grissett,kgrissett14@jiathis.com,Agender,140.123.228.217
42,Almira,Alyonov,aalyonov15@diigo.com,Female,179.43.72.37
43,Johnathon,Traill,jtraill16@phoca.cz,Male,193.156.200.80
44,Odille,Spanton,ospanton17@mail.ru,Female,19.34.143.171
45,Tadeas,Van Oord,tvanoord18@ehow.com,Male,186.233.132.191
46,Candi,Stather,cstather19@is.gd,Female,81.149.172.156
47,Veronika,Green,vgreen1a@seattletimes.com,Female,69.181.190.214
48,Francine,Wybrew,fwybrew1b@drupal.org,Female,218.57.37.105
49,Ailsun,Jobbins,ajobbins1c@ustream.tv,Female,181.163.39.102
50,Oralla,Whatley,owhatley1d@blogs.com,Bigender,171.172.32.67
51,Janis,Gianolini,jgianolini1e@youtube.com,Non-binary,178.128.128.86
52,Tabbi,Mizzen,tmizzen1f@hexun.com,Female,221.225.242.82
53,Cy,Nevill,cnevill1g@domainmarket.com,Male,144.215.11.138
54,Dalston,Shreeve,dshreeve1h@pcworld.com,Male,196.239.105.238
55,Pierson,Ellis,pellis1i@ft.com,Male,53.45.65.90
56,Glendon,Sandell,gsandell1j@imdb.com,Male,159.253.205.155
57,Hew,Laurance,hlaurance1k@altervista.org,Male,219.32.220.112
58,Jacquenette,Reidie,jreidie1l@tiny.cc,Female,138.154.41.74
59,Tamra,Toopin,ttoopin1m@hao123.com,Female,115.18.231.206
60,Pam,Rodda,prodda1n@home.pl,Female,0.227.103.234
61,Neely,Alexsandrov,nalexsandrov1o@loc.gov,Genderqueer,194.75.12.78
62,Bail,Cottam,bcottam1p@weibo.com,Polygender,140.139.119.182
63,Elvyn,Gordon,egordon1q@themeforest.net,Male,118.1.221.126
64,Cicely,Coverley,ccoverley1r@nba.com,Female,229.38.254.164
65,Ebeneser,Lambertini,elambertini1s@slashdot.org,Male,203.39.205.113
66,Phip,Strass,pstrass1t@nifty.com,Male,165.113.113.247
67,Vivyan,Hutable,vhutable1u@pen.io,Female,119.205.71.177
68,Marlane,Moresby,mmoresby1v@diigo.com,Female,227.60.94.229
69,Gale,Menichelli,gmenichelli1w@typepad.com,Male,144.69.196.130
70,Brendan,Karlolczak,bkarlolczak1x@symantec.com,Male,199.245.226.102
71,Stacy,Shropshire,sshropshire1y@ca.gov,Male,68.251.6.6
72,Sherwood,Bissex,sbissex1z@google.com.br,Male,59.50.232.230
73,Margalit,Errigo,merrigo20@slideshare.net,Female,218.245.32.233
74,Minnaminnie,Arnfield,marnfield21@etsy.com,Genderfluid,207.215.201.130
75,Siobhan,De Bruin,sdebruin22@is.gd,Female,229.181.96.105
76,Kathryn,de Courcy,kdecourcy23@mashable.com,Female,206.64.165.118
77,Vida,Guys,vguys24@seattletimes.com,Female,1.3.103.223
78,Hobie,Glason,hglason25@scientificamerican.com,Male,67.52.103.203
79,Broderic,Bohike,bbohike26@adobe.com,Male,125.130.82.249
80,Luella,Dudgeon,ldudgeon27@meetup.com,Female,126.118.93.225
81,Kelby,McGregor,kmcgregor28@hhs.gov,Male,92.186.210.188
82,Arleyne,Briand,abriand29@dyndns.org,Female,211.59.77.6
83,Catarina,Deniscke,cdeniscke2a@qq.com,Female,79.83.202.48
84,Bax,Belden,bbelden2b@twitter.com,Agender,168.62.93.117
85,Ellerey,Reeders,ereeders2c@mozilla.org,Male,186.219.37.113
86,Iorgo,Snelman,isnelman2d@booking.com,Male,117.191.11.214
87,Ardeen,Murty,amurty2e@baidu.com,Female,160.59.236.222
88,Sheila,Bavage,sbavage2f@seesaa.net,Female,237.169.217.36
89,Briana,Fountian,bfountian2g@sogou.com,Female,156.229.130.167
90,Yves,Ryce,yryce2h@seattletimes.com,Bigender,158.208.162.157
91,Siusan,Dursley,sdursley2i@mtv.com,Female,197.127.15.95
92,Ailee,Gulleford,agulleford2j@bloglovin.com,Female,107.60.213.4
93,Nathanil,Bolliver,nbolliver2k@t-online.de,Male,147.15.165.95
94,Rudy,Garey,rgarey2l@dmoz.org,Male,154.212.105.124
95,Richie,Roller,rroller2m@gizmodo.com,Male,160.16.4.6
96,Bethina,Honniebal,bhonniebal2n@salon.com,Female,91.22.186.4
97,Galvan,Aiers,gaiers2o@eventbrite.com,Genderfluid,58.122.228.20
98,Melania,Biffen,mbiffen2p@about.me,Female,64.8.73.198
99,Binky,Brigdale,bbrigdale2q@google.ru,Male,217.74.139.36
100,Charyl,Gillinghams,cgillinghams2r@ca.gov,Female,166.103.236.245
101,Shoshanna,Lorentzen,slorentzen2s@berkeley.edu,Female,86.36.9.223
102,Harmonie,Bonellie,hbonellie2t@comcast.net,Female,165.245.240.156
103,Ruth,Kennet,rkennet2u@gravatar.com,Female,23.189.4.48
104,Noe,Petters,npetters2v@so-net.ne.jp,Male,73.99.107.104
105,Herbert,McConnal,hmcconnal2w@mlb.com,Male,39.48.25.74
106,Gerrie,Lodin,glodin2x@businessweek.com,Agender,95.107.128.68
107,Herbie,Nutley,hnutley2y@ebay.co.uk,Male,137.250.147.38
108,Cornie,Figge,cfigge2z@shinystat.com,Female,226.21.87.152
109,Teressa,Lygo,tlygo30@hao123.com,Female,62.239.180.9
110,Tomkin,Barsby,tbarsby31@fc2.com,Male,142.81.181.53
111,Kristen,Dunstall,kdunstall32@imageshack.us,Female,123.6.126.231
112,Jess,Farmar,jfarmar33@e-recht24.de,Female,68.194.237.177
113,Darrelle,Bodle,dbodle34@ifeng.com,Female,46.141.105.189
114,Barton,Kobes,bkobes35@disqus.com,Male,158.12.215.206
115,Coop,Juan,cjuan36@xrea.com,Male,122.68.16.220
116,Eliot,Pauer,epauer37@engadget.com,Male,177.39.142.179
117,Isobel,Varrow,ivarrow38@kickstarter.com,Female,155.39.120.253
118,Rand,Alvis,ralvis39@bing.com,Male,166.181.213.65
119,Paxon,Dorking,pdorking3a@merriam-webster.com,Male,194.91.157.136
120,Loise,Jacks,ljacks3b@globo.com,Female,39.81.18.103
121,Alexine,Kleinlerer,akleinlerer3c@zimbio.com,Female,21.127.129.89
122,Kurt,McKeney,kmckeney3d@ebay.com,Male,193.113.248.13
123,Devlen,Letchford,dletchford3e@canalblog.com,Male,211.253.98.223
124,Tish,Mowson,tmowson3f@springer.com,Female,111.27.26.47
125,Yardley,Cockrill,ycockrill3g@twitpic.com,Male,58.29.121.234
126,Tris,Vettore,tvettore3h@wikia.com,Male,139.175.182.212
127,Cirstoforo,Gobert,cgobert3i@delicious.com,Male,38.193.142.149
128,Penelope,Alentyev,palentyev3j@hostgator.com,Genderqueer,24.17.209.255
129,Sherri,Flann,sflann3k@ocn.ne.jp,Female,56.172.80.239
130,Abramo,Coley,acoley3l@geocities.com,Male,190.189.223.20
131,Daron,Sweatland,dsweatland3m@google.de,Male,137.101.235.62
132,Debi,Foggarty,dfoggarty3n@state.tx.us,Female,56.83.43.90
133,Briny,Pendock,bpendock3o@cnet.com,Female,117.39.60.89
134,Tamarra,Nickolls,tnickolls3p@tumblr.com,Agender,71.134.3.164
135,Margy,Giovannilli,mgiovannilli3q@slate.com,Female,42.54.12.121
136,Gasper,Brideaux,gbrideaux3r@prlog.org,Male,25.243.161.102
137,Jerald,Georgot,jgeorgot3s@wikipedia.org,Genderfluid,104.76.151.28
138,Sofie,Gorey,sgorey3t@sina.com.cn,Female,69.202.37.17
139,Benedict,Uren,buren3u@miibeian.gov.cn,Male,219.35.15.79
140,Greer,Biskup,gbiskup3v@opera.com,Female,100.71.174.54
141,Nataniel,Flight,nflight3w@vk.com,Male,232.13.86.81
142,Jesus,Dunseath,jdunseath3x@cyberchimps.com,Male,48.73.32.245
143,Latrina,O'Kerin,lokerin3y@homestead.com,Female,25.24.42.173
144,Sharlene,Dignon,sdignon3z@so-net.ne.jp,Female,132.23.212.179
145,Uriah,Attewell,uattewell40@msn.com,Male,3.1.142.170
146,Stanleigh,Gwinnell,sgwinnell41@nationalgeographic.com,Male,206.224.34.232
147,Brendon,Pierucci,bpierucci42@github.com,Male,37.39.188.170
148,Skipton,Lidster,slidster43@over-blog.com,Male,3.45.100.73
149,Sephira,Yeliashev,syeliashev44@cyberchimps.com,Genderfluid,118.249.168.240
150,Gene,Bransby,gbransby45@twitpic.com,Female,198.40.88.55
151,Gregoor,Solley,gsolley46@netscape.com,Male,160.42.156.39
152,Alon,Averies,aaveries47@pbs.org,Male,175.229.158.187
153,Jeni,Salt,jsalt48@ifeng.com,Female,222.4.221.180
154,Putnem,Hencke,phencke49@unicef.org,Male,93.141.14.104
155,Desiri,Gommey,dgommey4a@java.com,Female,87.13.51.204
156,Nessi,Maben,nmaben4b@bravesites.com,Female,148.226.161.190
157,Benny,Gresham,bgresham4c@moonfruit.com,Female,188.152.51.101
158,Michel,Loade,mloade4d@webs.com,Male,101.208.118.140
159,Ravid,Meeking,rmeeking4e@admin.ch,Male,0.171.32.14
160,Dorolice,Ganny,dganny4f@slate.com,Female,130.143.211.55
161,Wilt,Wyles,wwyles4g@yelp.com,Male,78.183.108.164
162,Rhetta,Djokic,rdjokic4h@google.com.au,Female,112.217.176.211
163,Cathie,Comley,ccomley4i@utexas.edu,Female,207.198.10.136
164,Allison,Codeman,acodeman4j@mediafire.com,Female,150.103.64.214
165,Rodd,Fryman,rfryman4k@sphinn.com,Male,3.55.205.74
166,Sianna,Connichie,sconnichie4l@bloomberg.com,Female,166.9.251.155
167,Demetre,Cowling,dcowling4m@seesaa.net,Male,43.55.247.166
168,Christoper,Oland,coland4n@cargocollective.com,Male,219.178.175.45
169,Ysabel,Bosenworth,ybosenworth4o@vinaora.com,Female,137.235.5.77
170,Ive,Setchell,isetchell4p@slate.com,Male,4.221.189.105
171,Desmond,Botterman,dbotterman4q@cbc.ca,Male,45.162.16.98
172,Terrye,Raine,traine4r@instagram.com,Female,244.188.165.57
173,Christina,Pashen,cpashen4s@google.com.au,Female,38.248.82.253
174,Colby,Keogh,ckeogh4t@behance.net,Male,75.138.51.55
175,Francoise,Jeannon,fjeannon4u@elegantthemes.com,Female,204.125.205.34
176,Adah,Maymand,amaymand4v@wiley.com,Female,44.210.72.182
177,Rog,Gregan,rgregan4w@unc.edu,Male,162.244.111.134
178,Reagen,Tureville,rtureville4x@addthis.com,Male,27.101.113.74
179,Beulah,Jahn,bjahn4y@latimes.com,Female,32.91.67.51
180,Claus,Gossling,cgossling4z@time.com,Male,56.129.118.8
181,Storm,Horbart,shorbart50@dmoz.org,Female,30.207.187.248
182,Adara,Iacopo,aiacopo51@weibo.com,Female,168.137.127.70
183,Adolpho,Thoumas,athoumas52@examiner.com,Male,170.75.226.6
184,Godwin,Gorvette,ggorvette53@mediafire.com,Male,110.235.242.118
185,Shauna,Carson,scarson54@cdbaby.com,Female,25.220.199.252
186,Darya,Ghidoni,dghidoni55@kickstarter.com,Female,10.160.248.137
187,Randa,Sutherland,rsutherland56@free.fr,Female,14.173.230.38
188,Marguerite,Cadamy,mcadamy57@ehow.com,Female,77.26.81.106
189,Juditha,Arnaudi,jarnaudi58@deliciousdays.com,Female,227.190.7.111
190,Fredericka,Pinchbeck,fpinchbeck59@networkadvertising.org,Female,147.155.138.237
191,Jemimah,Glasby,jglasby5a@cocolog-nifty.com,Female,30.246.69.43
192,Toma,Schuricke,tschuricke5b@naver.com,Bigender,13.134.161.247
193,Obie,Erridge,oerridge5c@moonfruit.com,Male,243.179.176.35
194,Sebastiano,Cattle,scattle5d@uiuc.edu,Male,136.141.19.25
195,Wilburt,Kinsey,wkinsey5e@ovh.net,Male,13.242.204.197
196,Napoleon,Deadman,ndeadman5f@sohu.com,Male,196.121.142.24
197,Phip,Artinstall,partinstall5g@earthlink.net,Male,36.44.64.239
198,Vanny,Broadley,vbroadley5h@ca.gov,Female,126.2.26.110
199,Hildegaard,Mc Curlye,hmccurlye5i@nhs.uk,Female,148.227.217.127
200,Miquela,Webber,mwebber5j@1und1.de,Female,65.213.118.251
201,Alisha,Salvage,asalvage5k@about.com,Female,29.203.101.221
202,Vernen,Aggiss,vaggiss5l@live.com,Male,111.227.67.39
203,Anestassia,Doige,adoige5m@illinois.edu,Female,196.213.103.36
204,Vevay,Eydel,veydel5n@g.co,Female,3.200.19.87
205,Dani,Thomsson,dthomsson5o@plala.or.jp,Male,191.15.119.239
206,Byram,Swann,bswann5p@amazonaws.com,Male,251.78.242.87
207,Goddard,Mapstone,gmapstone5q@clickbank.net,Male,125.23.217.184
208,Mehetabel,Impey,mimpey5r@xrea.com,Female,158.199.225.39
209,Jodee,Petrolli,jpetrolli5s@ucsd.edu,Female,137.221.88.163
210,Violette,Kienzle,vkienzle5t@slideshare.net,Female,222.91.193.166
211,Avery,Stevens,astevens5u@ycombinator.com,Male,121.137.204.218
212,Patrizius,Brunone,pbrunone5v@csmonitor.com,Male,206.108.32.102
213,Laney,Adamides,ladamides5w@google.com.br,Female,229.83.171.50
214,Lukas,Belloch,lbelloch5x@taobao.com,Male,141.243.143.167
215,Che,Finlayson,cfinlayson5y@myspace.com,Male,80.46.214.208
216,Tobit,Dunan,tdunan5z@usatoday.com,Male,238.17.213.195
217,Dory,Showers,dshowers60@google.it,Male,62.100.151.103
218,Hernando,Bridgwater,hbridgwater61@cbslocal.com,Male,104.254.255.70
219,Jorry,Glyde,jglyde62@zimbio.com,Female,232.92.250.244
220,Fara,Quincey,fquincey63@newsvine.com,Female,162.197.83.56
221,Clemens,Mayger,cmayger64@ask.com,Male,106.252.245.141
222,Adrian,Dougan,adougan65@census.gov,Male,89.28.25.170
223,Toni,Strass,tstrass66@scribd.com,Female,203.24.44.143
224,Mandi,Swindell,mswindell67@stumbleupon.com,Female,28.99.164.117
225,Wilow,Dunckley,wdunckley68@zdnet.com,Female,204.117.93.19
226,Manda,Brisbane,mbrisbane69@google.com,Female,65.85.212.74
227,Byrann,Dyett,bdyett6a@github.io,Male,54.249.171.166
228,Zena,Catton,zcatton6b@i2i.jp,Female,194.91.148.106
229,Scot,Threadgold,sthreadgold6c@ucoz.com,Agender,161.40.253.188
230,Bradan,Fawcitt,bfawcitt6d@java.com,Male,138.44.65.197
231,Luce,Cosgreave,lcosgreave6e@illinois.edu,Male,186.225.62.20
232,Land,Whetson,lwhetson6f@technorati.com,Male,54.230.145.127
233,Sabina,Philippou,sphilippou6g@guardian.co.uk,Female,85.22.103.112
234,Giff,Dunnan,gdunnan6h@nytimes.com,Non-binary,251.196.234.95
235,Evyn,Oggers,eoggers6i@vk.com,Male,172.181.192.242
236,Fleming,Wolfe,fwolfe6j@opensource.org,Male,115.233.157.153
237,Sid,Goodridge,sgoodridge6k@youtube.com,Male,143.184.69.213
238,Angelina,Piggin,apiggin6l@godaddy.com,Female,249.254.138.199
239,Sanders,Skechley,sskechley6m@usnews.com,Male,120.60.72.54
240,Salvidor,Vossgen,svossgen6n@bloglines.com,Bigender,79.1.157.225
241,Gae,Glen,gglen6o@skype.com,Female,223.72.5.127
242,Madge,Hedley,mhedley6p@phpbb.com,Female,84.17.216.150
243,Andy,Keach,akeach6q@cdc.gov,Female,245.115.170.30
244,Karyl,Free,kfree6r@nature.com,Female,97.37.190.192
245,Sherrie,Conaboy,sconaboy6s@netlog.com,Female,25.80.229.187
246,Ernie,Moulden,emoulden6t@godaddy.com,Male,108.14.222.20
247,Alika,Arnould,aarnould6u@delicious.com,Female,59.195.197.56
248,Jarad,Boaler,jboaler6v@wordpress.com,Male,13.7.244.217
249,Brendis,Nyssens,bnyssens6w@sun.com,Male,125.82.121.184
250,Waylan,Bortoli,wbortoli6x@disqus.com,Male,180.59.74.36
251,Murdock,Borsi,mborsi6y@accuweather.com,Male,73.124.190.114
252,Hermia,Sammon,hsammon6z@hugedomains.com,Female,28.30.118.244
253,Meridel,Maylott,mmaylott70@dedecms.com,Female,53.167.233.155
254,Gabi,Mooreed,gmooreed71@google.com.au,Female,82.29.48.50
255,Trix,Oven,toven72@answers.com,Female,39.15.201.161
256,Laverne,LLelweln,lllelweln73@ox.ac.uk,Female,162.49.164.62
257,Agace,Ebden,aebden74@exblog.jp,Female,218.17.186.65
258,Felicio,Francois,ffrancois75@usda.gov,Male,169.63.55.254
259,Desi,Thirlwall,dthirlwall76@list-manage.com,Male,12.24.233.35
260,Nial,Effnert,neffnert77@earthlink.net,Male,189.224.66.157
261,Al,Farquarson,afarquarson78@clickbank.net,Male,131.75.5.175
262,Gradey,Braybrooks,gbraybrooks79@mozilla.com,Male,197.59.8.17
263,Garek,Cosgrove,gcosgrove7a@usatoday.com,Male,137.209.221.59
264,Cosetta,Kearton,ckearton7b@earthlink.net,Female,220.54.89.237
265,Michal,Blewmen,mblewmen7c@skype.com,Male,246.219.225.120
266,Doloritas,Shorter,dshorter7d@ftc.gov,Female,8.128.211.236
267,Yolanthe,Duling,yduling7e@yandex.ru,Female,34.29.5.10
268,Ania,Rosendale,arosendale7f@smugmug.com,Genderfluid,179.16.216.161
269,Leonidas,Guerrero,lguerrero7g@independent.co.uk,Male,38.80.8.237
270,Osbourne,Cowdery,ocowdery7h@networksolutions.com,Male,182.22.90.134
271,Bartholomew,Jaulmes,bjaulmes7i@state.tx.us,Male,70.161.191.249
272,Jaimie,Lerner,jlerner7j@livejournal.com,Male,220.108.155.47
273,Enrika,Thorley,ethorley7k@whitehouse.gov,Female,141.18.50.191
274,Harold,Van Schafflaer,hvanschafflaer7l@cam.ac.uk,Male,218.241.140.99
275,Dolley,Quan,dquan7m@macromedia.com,Female,144.15.98.129
276,Eilis,Lefeuvre,elefeuvre7n@taobao.com,Female,244.210.139.122
277,Ado,Le Barre,alebarre7o@phpbb.com,Male,183.37.180.156
278,Thane,Cantera,tcantera7p@microsoft.com,Male,173.63.72.215
279,Delbert,Waywell,dwaywell7q@tiny.cc,Male,87.245.61.130
280,Phyllida,Teulier,pteulier7r@google.com.au,Female,151.238.29.158
281,Greggory,Gorry,ggorry7s@google.nl,Male,17.31.88.90
282,Roseanna,De la Yglesia,rdelayglesia7t@qq.com,Female,85.11.139.104
283,Shayne,Fairlamb,sfairlamb7u@ocn.ne.jp,Male,41.9.209.193
284,Shelba,O'Loghlen,sologhlen7v@google.co.uk,Female,35.249.202.114
285,Rourke,Nassie,rnassie7w@theguardian.com,Male,108.14.220.240
286,Dorisa,McGraffin,dmcgraffin7x@technorati.com,Female,130.13.187.182
287,Kirsten,Maier,kmaier7y@parallels.com,Female,254.135.166.234
288,Barr,Balshaw,bbalshaw7z@princeton.edu,Male,12.36.67.69
289,Rutledge,Drieu,rdrieu80@soup.io,Male,224.141.149.182
290,Sada,Beverley,sbeverley81@seattletimes.com,Female,66.59.91.7
291,Booth,Boyde,bboyde82@webs.com,Male,140.117.24.187
292,Ashien,Moraleda,amoraleda83@ifeng.com,Female,220.179.158.255
293,Traver,Fewings,tfewings84@sfgate.com,Male,201.170.157.151
294,Nelli,Von Der Empten,nvonderempten85@springer.com,Female,114.113.155.76
295,Oralie,Rough,orough86@yellowbook.com,Female,36.18.17.29
296,Dorie,Snarie,dsnarie87@adobe.com,Male,79.54.15.221
297,Fredric,Clowley,fclowley88@thetimes.co.uk,Male,38.127.184.98
298,Deny,Adney,dadney89@cocolog-nifty.com,Female,204.105.33.8
299,Sharon,Varfolomeev,svarfolomeev8a@howstuffworks.com,Female,112.89.66.44
300,Doroteya,Cocozza,dcocozza8b@merriam-webster.com,Female,85.160.165.41
301,Jojo,Easun,jeasun8c@japanpost.jp,Female,126.247.179.176
302,Wain,Moyle,wmoyle8d@behance.net,Bigender,82.26.231.100
303,Alister,Binnell,abinnell8e@t.co,Male,121.170.10.14
304,Dee dee,O'Lochan,dolochan8f@mapy.cz,Female,177.187.167.31
305,Cariotta,Remmers,cremmers8g@nsw.gov.au,Female,214.193.51.87
306,Huberto,Savery,hsavery8h@jugem.jp,Male,239.187.171.46
307,Grover,Orteau,gorteau8i@nps.gov,Male,248.180.202.130
308,Nikolas,Dower,ndower8j@mlb.com,Male,200.69.124.32
309,Frank,Bengtson,fbengtson8k@exblog.jp,Male,243.178.132.132
310,Osmund,Caldera,ocaldera8l@wix.com,Male,172.97.233.214
311,Xever,Gower,xgower8m@hostgator.com,Male,70.117.142.186
312,Maureen,Harmeston,mharmeston8n@drupal.org,Female,100.135.213.81
313,Elysia,Simic,esimic8o@istockphoto.com,Female,248.187.61.216
314,Fredi,Naile,fnaile8p@etsy.com,Female,208.120.4.83
315,Rawley,Brenston,rbrenston8q@a8.net,Male,205.199.140.59
316,Gilburt,Butterwick,gbutterwick8r@icq.com,Male,40.108.167.91
317,Doloritas,Bradforth,dbradforth8s@facebook.com,Female,107.156.40.233
318,Arlen,Clempton,aclempton8t@constantcontact.com,Male,239.203.40.92
319,Barnaby,Bavister,bbavister8u@jimdo.com,Male,74.173.83.24
320,Robbie,Collinwood,rcollinwood8v@furl.net,Male,89.228.4.208
321,Ignacio,Olliff,iolliff8w@wikia.com,Male,53.231.250.62
322,Rikki,Trundler,rtrundler8x@google.com,Female,5.170.42.114
323,Dorice,Smeed,dsmeed8y@istockphoto.com,Female,38.33.200.24
324,Mirabella,Broady,mbroady8z@nbcnews.com,Non-binary,225.225.12.236
325,Niki,Gutcher,ngutcher90@sakura.ne.jp,Male,130.18.249.84
326,Lou,Powley,lpowley91@tiny.cc,Male,62.198.195.125
327,Penrod,Holwell,pholwell92@ezinearticles.com,Male,106.132.172.146
328,Donia,Crocket,dcrocket93@pbs.org,Female,169.30.62.9
329,Alic,Stickney,astickney94@123-reg.co.uk,Male,196.197.105.209
330,Duke,Wrennall,dwrennall95@harvard.edu,Male,184.1.44.154
331,Nita,Reihm,nreihm96@multiply.com,Polygender,102.117.81.143
332,Issy,Syder,isyder97@cnn.com,Female,100.173.23.13
333,Mariana,Nielson,mnielson98@examiner.com,Female,240.163.36.62
334,Esme,Vezey,evezey99@bluehost.com,Male,42.249.83.205
335,Harlan,Kruse,hkruse9a@stanford.edu,Male,9.91.232.213
336,Berthe,Fackrell,bfackrell9b@360.cn,Bigender,44.71.19.105
337,Carleen,Rodda,crodda9c@sakura.ne.jp,Female,1.222.173.195
338,Trueman,Tuppeny,ttuppeny9d@bloomberg.com,Male,209.117.20.32
339,Timmy,Attwood,tattwood9e@eventbrite.com,Female,253.38.133.74
340,Mercie,Wickham,mwickham9f@histats.com,Female,89.40.205.47
341,Michaella,Gerlack,mgerlack9g@ebay.com,Female,75.148.230.43
342,Ronny,Lermouth,rlermouth9h@nydailynews.com,Male,72.31.242.151
343,Piotr,Tallquist,ptallquist9i@multiply.com,Male,160.108.111.171
344,Arden,Lyptrit,alyptrit9j@opensource.org,Female,15.29.221.68
345,Kendrick,Donlon,kdonlon9k@clickbank.net,Male,32.62.31.80
346,Harald,Oene,hoene9l@google.ru,Male,107.57.131.210
347,Tibold,Ennion,tennion9m@friendfeed.com,Male,215.147.114.23
348,Tammy,Littlefair,tlittlefair9n@angelfire.com,Female,169.81.120.82
349,Rafaello,Bramhill,rbramhill9o@sina.com.cn,Male,68.17.9.95
350,Isaak,Trevna,itrevna9p@mac.com,Male,104.74.113.84
351,Marvin,Garry,mgarry9q@shinystat.com,Male,143.225.123.60
352,Dimitry,Culy,dculy9r@constantcontact.com,Male,105.105.148.42
353,Lindsay,Reveley,lreveley9s@sakura.ne.jp,Genderfluid,149.190.170.23
354,Helga,Ilchuk,hilchuk9t@posterous.com,Bigender,104.162.2.58
355,Demetra,Lamprey,dlamprey9u@weibo.com,Female,178.112.35.200
356,Kelci,Cater,kcater9v@prnewswire.com,Female,159.17.0.112
357,Sofia,Aires,saires9w@bloomberg.com,Female,214.215.4.215
358,Annalee,Kemery,akemery9x@prnewswire.com,Female,82.221.42.170
359,Modestine,Ditzel,mditzel9y@privacy.gov.au,Female,174.138.116.37
360,Walther,Bowerbank,wbowerbank9z@nifty.com,Agender,4.37.118.96
361,Alexi,Franzotto,afranzottoa0@mapquest.com,Female,83.196.9.109
362,Leisha,Reddoch,lreddocha1@ibm.com,Female,248.140.87.194
363,Barnard,Hayley,bhayleya2@pinterest.com,Polygender,198.58.63.119
364,Alissa,Hazelgrove,ahazelgrovea3@elpais.com,Female,124.233.118.201
365,Pasquale,Kas,pkasa4@4shared.com,Male,101.119.191.156
366,Will,Daubeny,wdaubenya5@mlb.com,Male,207.74.21.65
367,Randee,Jime,rjimea6@washington.edu,Female,192.116.178.81
368,Ozzie,Laurenty,olaurentya7@microsoft.com,Male,50.191.94.197
369,Sullivan,Korous,skorousa8@wikia.com,Male,105.82.43.185
370,Hersh,Huckerbe,hhuckerbea9@google.co.jp,Male,131.96.13.23
371,Otho,Shelley,oshelleyaa@mysql.com,Male,110.176.164.131
372,Cathy,Trussman,ctrussmanab@ask.com,Female,15.211.254.75
373,Frederic,Fairholm,ffairholmac@networksolutions.com,Male,168.8.28.7
374,Angelika,Humbie,ahumbiead@edublogs.org,Female,101.36.149.213
375,Debbi,Btham,dbthamae@photobucket.com,Female,81.158.209.149
376,Patience,Kennington,pkenningtonaf@gravatar.com,Genderfluid,210.67.198.254
377,Sherman,Simanenko,ssimanenkoag@cdbaby.com,Male,218.254.211.183
378,Anastasie,Damant,adamantah@goo.gl,Female,117.187.70.54
379,Hadleigh,Wildman,hwildmanai@princeton.edu,Male,240.219.177.113
380,Roanna,Sommerscales,rsommerscalesaj@gizmodo.com,Female,218.27.228.63
381,Virginie,Dufaur,vdufaurak@jalbum.net,Female,14.154.63.247
382,Fayre,Redfearn,fredfearnal@nasa.gov,Female,172.180.53.122
383,Neron,Landon,nlandonam@vistaprint.com,Male,221.21.106.161
384,Fonsie,Antonellini,fantonellinian@wix.com,Male,145.80.154.113
385,Tamarra,Iliff,tiliffao@clickbank.net,Female,165.152.14.190
386,Alvis,Greatex,agreatexap@house.gov,Male,21.210.185.241
387,Averil,Demelt,ademeltaq@hc360.com,Male,167.184.72.60
388,Hakim,O'Shea,hosheaar@lycos.com,Male,111.140.175.135
389,Dare,Spillane,dspillaneas@usa.gov,Male,181.179.217.49
390,Nance,Delaney,ndelaneyat@weather.com,Female,32.22.209.191
391,Marietta,Shields,mshieldsau@about.me,Non-binary,41.12.1.83
392,Rorie,Rugiero,rrugieroav@opera.com,Female,15.28.132.167
393,Allie,Deary,adearyaw@cam.ac.uk,Genderfluid,162.244.1.179
394,Matthaeus,Beggin,mbegginax@amazon.co.uk,Male,137.19.197.36
395,Cecil,Gerholz,cgerholzay@statcounter.com,Male,228.54.209.19
396,Tedd,Wayt,twaytaz@instagram.com,Agender,230.75.106.226
397,Annie,Tamburo,atamburob0@cargocollective.com,Female,82.32.193.216
398,Linda,Sabey,lsabeyb1@scientificamerican.com,Non-binary,160.92.188.161
399,Ambros,Skains,askainsb2@sina.com.cn,Male,48.194.188.87
400,Stanton,Pendlington,spendlingtonb3@auda.org.au,Male,227.218.71.174
401,Katina,Brenston,kbrenstonb4@nyu.edu,Female,248.184.60.58
402,Lizabeth,Asgodby,lasgodbyb5@wikipedia.org,Female,72.102.120.253
403,Lyndsay,Faltskog,lfaltskogb6@skype.com,Female,186.179.119.154
404,Samantha,Briar,sbriarb7@auda.org.au,Female,233.247.162.7
405,Blane,Daniaud,bdaniaudb8@vinaora.com,Male,177.66.130.25
406,Allene,Pettisall,apettisallb9@ocn.ne.jp,Female,55.230.63.170
407,Margaretha,Carnew,mcarnewba@census.gov,Female,53.238.40.44
408,Sam,Jackman,sjackmanbb@a8.net,Female,45.131.124.55
409,Serge,Branca,sbrancabc@sourceforge.net,Male,173.169.81.238
410,Armand,Lotterington,alotteringtonbd@mozilla.com,Male,86.170.186.42
411,Tawnya,Birkmyr,tbirkmyrbe@hp.com,Agender,213.11.1.177
412,Gratiana,Dubble,gdubblebf@wikispaces.com,Female,107.84.187.135
413,Gordie,Farlane,gfarlanebg@uiuc.edu,Male,34.251.77.92
414,Ferd,Norman,fnormanbh@ovh.net,Male,40.154.15.210
415,Fernanda,Blesdill,fblesdillbi@studiopress.com,Female,237.56.146.205
416,Ilise,MacMickan,imacmickanbj@webmd.com,Female,29.89.54.4
417,Elaina,Tombs,etombsbk@cloudflare.com,Female,221.166.173.189
418,Frederic,Gerbi,fgerbibl@delicious.com,Male,166.136.88.158
419,Giffie,Tiebe,gtiebebm@theglobeandmail.com,Male,239.69.137.193
420,Rich,Curror,rcurrorbn@bandcamp.com,Male,253.212.143.130
421,Madalena,Macken,mmackenbo@shareasale.com,Polygender,150.105.67.253
422,Saundra,Iannuzzelli,siannuzzellibp@berkeley.edu,Male,166.173.110.109
423,Arden,Petz,apetzbq@springer.com,Genderqueer,3.253.151.23
424,Hamlin,Fernan,hfernanbr@fema.gov,Male,81.84.222.226
425,Clementine,Berggren,cberggrenbs@github.io,Female,162.54.129.76
426,Kalil,Pelos,kpelosbt@umn.edu,Male,243.187.68.163
427,Kacie,Kennelly,kkennellybu@about.com,Female,18.231.230.217
428,Hogan,Provost,hprovostbv@archive.org,Male,92.243.234.187
429,Eula,Honig,ehonigbw@irs.gov,Female,177.37.119.147
430,Kristi,Baudry,kbaudrybx@ow.ly,Female,113.32.3.174
431,Denys,Spon,dsponby@earthlink.net,Genderqueer,18.115.236.53
432,Ashley,Pitts,apittsbz@reference.com,Female,4.254.28.50
433,Albertine,Ells,aellsc0@elpais.com,Female,2.237.167.77
434,Sonya,Skyram,sskyramc1@state.tx.us,Female,57.210.113.196
435,Aggy,Gilfillan,agilfillanc2@privacy.gov.au,Female,128.143.109.202
436,Torrey,Faircley,tfaircleyc3@latimes.com,Male,58.113.252.179
437,Niccolo,Clere,nclerec4@about.com,Male,246.209.64.225
438,Alfi,Daniely,adanielyc5@nhs.uk,Female,7.127.201.203
439,Elias,Gemelli,egemellic6@slashdot.org,Male,98.241.37.85
440,Ban,Grishanin,bgrishaninc7@amazonaws.com,Male,215.124.87.114
441,Marina,Mincini,mmincinic8@shop-pro.jp,Female,152.32.207.16
442,Lorie,La Rosa,llarosac9@hibu.com,Female,166.28.125.175
443,Oliver,Bidnall,obidnallca@cmu.edu,Male,17.59.140.3
444,Heloise,Pietranek,hpietranekcb@opensource.org,Female,103.126.141.157
445,Rafaelita,Sarjent,rsarjentcc@google.pl,Female,171.228.145.13
446,Rhoda,Grumley,rgrumleycd@acquirethisname.com,Female,164.107.197.111
447,Adelaida,Chellingworth,achellingworthce@forbes.com,Female,159.179.244.155
448,Erma,Epdell,eepdellcf@zdnet.com,Female,146.124.100.48
449,Mort,Burrus,mburruscg@drupal.org,Male,191.255.119.101
450,Hildagarde,Merit,hmeritch@umn.edu,Female,192.127.231.145
451,Angil,Goley,agoleyci@free.fr,Female,165.144.111.208
452,Drusie,Tebbet,dtebbetcj@vimeo.com,Female,184.156.217.68
453,Cale,Titcomb,ctitcombck@cpanel.net,Male,212.71.131.213
454,Zachary,Kleingrub,zkleingrubcl@ftc.gov,Male,177.125.199.150
455,Ignacio,Blum,iblumcm@deliciousdays.com,Male,64.56.172.108
456,Paolo,Whordley,pwhordleycn@amazon.de,Male,180.225.240.245
457,Marj,Brenstuhl,mbrenstuhlco@umich.edu,Genderfluid,190.161.40.234
458,Merle,Dumphy,mdumphycp@istockphoto.com,Agender,85.208.6.227
459,Alejandra,Lawson,alawsoncq@soundcloud.com,Female,214.229.74.15
460,Mimi,Hotchkin,mhotchkincr@jigsy.com,Genderqueer,171.90.8.82
461,Cos,Raymen,craymencs@yahoo.co.jp,Male,217.237.170.236
462,Teirtza,Jaskiewicz,tjaskiewiczct@microsoft.com,Female,235.43.73.73
463,Monro,Svanini,msvaninicu@livejournal.com,Male,163.125.251.221
464,Amelia,Thomtson,athomtsoncv@biblegateway.com,Female,53.193.190.74
465,Tull,Blasetti,tblasetticw@paginegialle.it,Male,223.241.86.216
466,Robena,Wogden,rwogdencx@forbes.com,Agender,111.226.207.10
467,Javier,Olechnowicz,jolechnowiczcy@spotify.com,Male,209.117.101.105
468,Lilyan,Van der Merwe,lvandermerwecz@domainmarket.com,Female,186.194.209.101
469,Clint,Dackombe,cdackombed0@infoseek.co.jp,Male,239.90.108.226
470,Fey,Angeli,fangelid1@nbcnews.com,Female,110.98.178.60
471,Pamela,Roseburgh,proseburghd2@abc.net.au,Female,31.247.21.141
472,Gunther,Thurber,gthurberd3@shop-pro.jp,Male,196.82.113.124
473,Derry,Boullen,dboullend4@home.pl,Agender,151.110.118.229
474,Paulie,Haberfield,phaberfieldd5@earthlink.net,Female,209.230.100.204
475,Daron,Methven,dmethvend6@sitemeter.com,Male,129.74.128.22
476,Felipa,Philp,fphilpd7@alibaba.com,Female,97.243.46.247
477,Brien,Stoyles,bstoylesd8@weibo.com,Male,228.20.237.50
478,Harold,Yacob,hyacobd9@abc.net.au,Male,163.114.208.98
479,Hamid,Nelissen,hnelissenda@chicagotribune.com,Male,128.67.133.221
480,Kylila,Santo,ksantodb@cloudflare.com,Female,174.17.58.90
481,Lynnet,Lorrain,llorraindc@mapy.cz,Female,235.100.160.137
482,Kerry,Blanckley,kblanckleydd@skyrock.com,Genderfluid,237.35.220.58
483,Annalee,Durham,adurhamde@bbc.co.uk,Female,44.48.213.17
484,Franz,Bree,fbreedf@networkadvertising.org,Male,237.107.71.170
485,Kenn,Giorgietto,kgiorgiettodg@sina.com.cn,Male,14.15.52.23
486,Martie,Milkeham,mmilkehamdh@apache.org,Male,5.205.12.169
487,Dougie,Fydoe,dfydoedi@cafepress.com,Male,166.102.43.85
488,Leese,McNab,lmcnabdj@bizjournals.com,Female,247.213.54.128
489,Malvina,Crates,mcratesdk@dmoz.org,Female,44.5.132.33
490,Dorian,Headington,dheadingtondl@163.com,Female,205.183.213.141
491,Bartlett,Speight,bspeightdm@bing.com,Male,81.108.217.94
492,Hildagarde,Bohea,hboheadn@illinois.edu,Genderqueer,12.255.227.159
493,Leroy,Donaway,ldonawaydo@symantec.com,Male,95.167.85.42
494,Jemie,Klemke,jklemkedp@g.co,Female,10.10.244.49
495,Petunia,Buddell,pbuddelldq@clickbank.net,Female,223.134.52.176
496,Avery,Rosengren,arosengrendr@latimes.com,Male,139.104.67.134
497,Terrijo,Smales,tsmalesds@msn.com,Female,46.177.211.8
498,Arvin,Alu,aaludt@mapquest.com,Male,45.2.128.38
499,Rowena,Mantle,rmantledu@webnode.com,Female,240.9.110.41
500,Godwin,Martensen,gmartensendv@issuu.com,Male,25.54.237.103
501,Isaac,Blaske,iblaskedw@flickr.com,Male,94.230.8.11
502,Kinnie,Tallet,ktalletdx@myspace.com,Male,23.87.141.169
503,Kenyon,Lough,kloughdy@springer.com,Male,130.77.187.40
504,Clem,Saltmarsh,csaltmarshdz@ameblo.jp,Male,34.153.5.141
505,Joel,Alexis,jalexise0@thetimes.co.uk,Male,242.9.134.167
506,Stinky,O'Conor,soconore1@symantec.com,Male,225.7.167.245
507,Cy,Laven,clavene2@psu.edu,Male,20.119.45.249
508,Immanuel,Ciardo,iciardoe3@g.co,Male,36.81.230.105
509,Danya,Rupprecht,drupprechte4@wired.com,Female,89.202.140.24
510,Jeanne,Ricket,jrickete5@miibeian.gov.cn,Non-binary,51.22.234.238
511,Tierney,Murch,tmurche6@psu.edu,Female,95.88.116.143
512,Dodie,Iskowitz,diskowitze7@issuu.com,Female,94.77.58.52
513,Auroora,Tams,atamse8@slideshare.net,Polygender,231.24.7.95
514,Agnese,Colliar,acolliare9@jigsy.com,Female,23.239.67.116
515,Nicky,Isakovitch,nisakovitchea@dion.ne.jp,Female,38.248.18.27
516,Michel,Applegate,mapplegateeb@networkadvertising.org,Female,72.168.2.17
517,Glori,Orbine,gorbineec@imdb.com,Female,251.173.147.43
518,Cicely,Wildblood,cwildblooded@businessinsider.com,Non-binary,212.41.206.154
519,Ollie,Lebarree,olebarreeee@wikipedia.org,Female,141.215.209.148
520,Brigitta,Plank,bplankef@altervista.org,Agender,184.88.160.70
521,Ajay,Brack,abrackeg@fda.gov,Female,39.255.214.106
522,Crawford,Drew,cdreweh@vk.com,Male,192.195.117.68
523,Jenelle,Python,jpythonei@wordpress.com,Non-binary,55.163.71.43
524,Cornell,Brahams,cbrahamsej@jugem.jp,Male,66.71.55.142
525,Falito,Dey,fdeyek@salon.com,Male,190.213.139.103
526,Marcile,O'Scannill,moscannillel@cnn.com,Female,244.45.23.148
527,Dalia,Tire,dtireem@topsy.com,Female,211.142.131.56
528,Harry,Bard,hbarden@google.nl,Male,58.97.118.198
529,Kristin,Arblaster,karblastereo@amazon.co.jp,Female,154.185.157.102
530,Seumas,Ozintsev,sozintsevep@imageshack.us,Male,119.218.0.177
531,Cordula,Bernaciak,cbernaciakeq@example.com,Female,173.1.143.108
532,Craggy,Mac Giolla Pheadair,cmacgiollapheadairer@scribd.com,Male,4.43.187.162
533,Fredia,Slate,fslatees@senate.gov,Female,233.154.115.149
534,Boycey,Blunsum,bblunsumet@bloglovin.com,Male,112.106.202.63
535,Melonie,Sphinxe,msphinxeeu@friendfeed.com,Female,120.4.197.112
536,Rolland,Cruickshanks,rcruickshanksev@google.co.jp,Male,143.224.38.107
537,Titos,Maden,tmadenew@cnet.com,Male,87.16.216.219
538,Netty,Rappaport,nrappaportex@fda.gov,Female,115.215.254.145
539,Elton,Stollenbeck,estollenbeckey@gmpg.org,Male,242.87.25.100
540,Gamaliel,Schole,gscholeez@ocn.ne.jp,Male,17.237.237.228
541,Olenka,Ballin,oballinf0@sohu.com,Polygender,202.151.205.8
542,Persis,Knotte,pknottef1@arstechnica.com,Female,120.58.62.228
543,Virgil,Markey,vmarkeyf2@ning.com,Male,20.183.68.246
544,Margit,Boom,mboomf3@springer.com,Female,203.24.196.206
545,Malina,Moine,mmoinef4@jugem.jp,Female,154.15.179.208
546,Lorenzo,Cullum,lcullumf5@patch.com,Male,161.141.32.105
547,Maridel,Sussex,msussexf6@businessinsider.com,Female,249.31.57.202
548,Tasha,Burdoun,tburdounf7@nba.com,Non-binary,229.48.17.30
549,Ava,Dunn,adunnf8@miitbeian.gov.cn,Female,147.41.40.163
550,Billy,Lumsden,blumsdenf9@yahoo.co.jp,Male,73.251.213.79
551,Elvina,Madine,emadinefa@cafepress.com,Bigender,68.202.174.234
552,Camile,Churchman,cchurchmanfb@sciencedirect.com,Female,132.159.75.137
553,Zsazsa,MacCarroll,zmaccarrollfc@princeton.edu,Bigender,133.154.189.203
554,Rurik,Charer,rcharerfd@mac.com,Male,126.34.133.214
555,Wanids,Bovey,wboveyfe@yandex.ru,Female,97.100.218.120
556,Alexandr,Brockest,abrockestff@oaic.gov.au,Male,110.227.227.157
557,Sammy,O'Cahsedy,socahsedyfg@cam.ac.uk,Male,137.56.82.175
558,Ruy,Fayerman,rfayermanfh@apple.com,Male,28.129.240.28
559,Linzy,Gatecliffe,lgatecliffefi@tiny.cc,Female,215.129.100.166
560,Mattie,Carlson,mcarlsonfj@epa.gov,Male,246.76.27.60
561,Ilario,Barcke,ibarckefk@accuweather.com,Male,34.75.49.145
562,Rosemonde,Dozdill,rdozdillfl@amazon.com,Female,116.61.245.64
563,Desirae,Brogiotti,dbrogiottifm@plala.or.jp,Female,243.29.66.61
564,Ricard,Debnam,rdebnamfn@upenn.edu,Male,151.37.150.144
565,Darla,Grzelewski,dgrzelewskifo@whitehouse.gov,Female,206.40.134.101
566,Tabby,Rodd,troddfp@yellowpages.com,Female,22.72.163.62
567,Skelly,Bogeys,sbogeysfq@dyndns.org,Non-binary,97.89.1.63
568,Luther,Thurston,lthurstonfr@vistaprint.com,Male,152.3.14.99
569,Hussein,Makiver,hmakiverfs@quantcast.com,Male,68.228.162.245
570,Mort,Brinicombe,mbrinicombeft@edublogs.org,Male,243.27.38.163
571,Allyson,Ciani,acianifu@wix.com,Female,170.51.56.250
572,Chere,Scotti,cscottifv@deliciousdays.com,Female,107.173.213.74
573,Angel,Tarrier,atarrierfw@ca.gov,Male,93.124.84.146
574,Shea,Vader,svaderfx@loc.gov,Female,127.9.76.72
575,Kakalina,Wicklen,kwicklenfy@instagram.com,Female,115.221.212.176
576,Margalo,Cud,mcudfz@ifeng.com,Female,117.3.84.173
577,Keely,Cregin,kcreging0@netscape.com,Bigender,179.162.35.163
578,Jessi,Purvis,jpurvisg1@sun.com,Female,236.195.10.177
579,Natassia,Holcroft,nholcroftg2@amazon.co.uk,Female,139.246.223.103
580,Jade,Ponsford,jponsfordg3@virginia.edu,Female,41.55.162.34
581,Emlen,Braunlein,ebraunleing4@nationalgeographic.com,Male,234.86.171.94
582,Helen,Trubshawe,htrubshaweg5@ted.com,Female,153.223.14.130
583,Arluene,De Filippis,adefilippisg6@google.es,Female,251.154.199.70
584,Denys,Esser,desserg7@g.co,Female,35.74.233.32
585,Cecil,Cron,ccrong8@barnesandnoble.com,Female,85.106.61.108
586,Norean,Verbeke,nverbekeg9@ucsd.edu,Female,35.176.51.14
587,Marrissa,Hinkins,mhinkinsga@china.com.cn,Female,122.134.78.117
588,Ransell,Paolillo,rpaolillogb@fastcompany.com,Male,225.112.70.244
589,Lauralee,Mallard,lmallardgc@weibo.com,Genderfluid,100.28.26.13
590,Bay,Mocker,bmockergd@census.gov,Male,79.68.236.166
591,Matthew,Mendel,mmendelge@cyberchimps.com,Male,249.56.130.2
592,Nanci,Esome,nesomegf@mayoclinic.com,Female,91.57.0.230
593,Bibby,Goggin,bgoggingg@sohu.com,Female,168.230.88.253
594,Brad,Monksfield,bmonksfieldgh@tamu.edu,Bigender,138.214.129.188
595,Annelise,Troke,atrokegi@ocn.ne.jp,Female,138.208.60.192
596,Henka,Gotobed,hgotobedgj@is.gd,Female,217.177.105.74
597,Isabel,Orrett,iorrettgk@amazon.de,Female,159.147.15.202
598,Bianka,Murrill,bmurrillgl@cloudflare.com,Female,232.183.148.141
599,Murry,Lovart,mlovartgm@twitpic.com,Male,55.49.64.247
600,Kariotta,Rapport,krapportgn@hostgator.com,Female,199.77.178.6
601,Reba,Lasslett,rlasslettgo@xinhuanet.com,Female,101.113.206.170
602,Allister,Jenne,ajennegp@wp.com,Male,35.92.107.28
603,Sayers,Keiley,skeileygq@sun.com,Male,161.107.95.37
604,Billie,Pinel,bpinelgr@state.gov,Male,252.232.7.251
605,Cinderella,Borland,cborlandgs@feedburner.com,Female,143.102.114.109
606,Helenka,Bonds,hbondsgt@dailymail.co.uk,Female,195.146.161.135
607,Rawley,Wolfinger,rwolfingergu@mtv.com,Male,119.54.77.207
608,Bevin,Giacovazzo,bgiacovazzogv@ebay.co.uk,Male,52.14.128.101
609,Drucie,Vitler,dvitlergw@ehow.com,Female,106.143.54.42
610,Hugues,Aizikovitch,haizikovitchgx@skype.com,Male,54.40.145.97
611,Myer,Smythin,msmythingy@yahoo.com,Male,174.69.229.94
612,Leona,Dudson,ldudsongz@cnbc.com,Female,225.72.118.220
613,Georgy,Tant,gtanth0@comsenz.com,Non-binary,225.23.1.38
614,Cyrille,Luquet,cluqueth1@time.com,Genderqueer,40.250.71.127
615,Candide,Quig,cquigh2@google.co.uk,Female,134.78.157.118
616,Forrester,Flegg,ffleggh3@comcast.net,Male,82.205.206.57
617,Katrine,Eastup,keastuph4@storify.com,Female,229.141.250.247
618,Chrissy,Timmins,ctimminsh5@chron.com,Male,164.185.231.136
619,Grayce,Feaver,gfeaverh6@icio.us,Female,66.26.105.152
620,Karyl,Schulter,kschulterh7@exblog.jp,Genderqueer,198.251.178.121
621,Didi,Fogel,dfogelh8@go.com,Female,169.101.17.33
622,Svend,Caldwall,scaldwallh9@jiathis.com,Male,240.96.33.248
623,Lorens,Quilliam,lquilliamha@apache.org,Male,137.143.181.92
624,Clywd,Sisse,csissehb@networksolutions.com,Male,210.190.124.87
625,Wit,Rodrigo,wrodrigohc@dailymotion.com,Male,229.43.88.5
626,Mareah,Crunkhorn,mcrunkhornhd@acquirethisname.com,Female,68.77.224.197
627,Felisha,Narramor,fnarramorhe@unblog.fr,Female,85.64.169.130
628,Aguistin,Birtwell,abirtwellhf@gizmodo.com,Male,201.134.150.206
629,Adena,Scarfe,ascarfehg@gravatar.com,Female,151.253.222.200
630,Sherlock,Waller,swallerhh@issuu.com,Male,214.102.15.249
631,Kurt,Ranshaw,kranshawhi@bloomberg.com,Male,56.26.248.171
632,Ardeen,Skillern,askillernhj@oakley.com,Female,167.89.153.90
633,Milicent,Newbigging,mnewbigginghk@marriott.com,Female,117.223.241.95
634,Chariot,Sreenan,csreenanhl@springer.com,Male,104.88.199.94
635,Trixy,Skryne,tskrynehm@reference.com,Genderqueer,86.127.108.111
636,Tabby,Canto,tcantohn@vimeo.com,Female,67.52.38.159
637,Vonni,Mannion,vmannionho@ning.com,Female,243.208.93.226
638,Naoma,Barnsley,nbarnsleyhp@unicef.org,Female,208.21.174.241
639,Velvet,Rochester,vrochesterhq@tamu.edu,Female,49.179.203.190
640,Sebastiano,Bolingbroke,sbolingbrokehr@comcast.net,Male,173.86.226.252
641,Nathanil,Clowley,nclowleyhs@bing.com,Male,25.212.206.224
642,Willamina,Lawlie,wlawlieht@istockphoto.com,Female,175.104.74.66
643,Nelle,Rau,nrauhu@dot.gov,Female,23.13.152.155
644,Tonia,Lightowlers,tlightowlershv@networksolutions.com,Female,122.84.56.174
645,Keen,Brandrick,kbrandrickhw@cbc.ca,Male,254.206.245.227
646,Shurlock,Knellen,sknellenhx@over-blog.com,Male,137.111.106.116
647,Dew,Emanulsson,demanulssonhy@ft.com,Male,66.160.245.226
648,Janette,McCoish,jmccoishhz@nps.gov,Female,172.241.252.98
649,Mellisent,Clark,mclarki0@360.cn,Female,236.118.115.224
650,Ula,Scrauniage,uscrauniagei1@desdev.cn,Female,210.190.51.229
651,Sylvester,Titchen,stitcheni2@ehow.com,Male,95.215.200.180
652,Hollyanne,Scriviner,hscrivineri3@edublogs.org,Female,192.134.216.242
653,Krispin,Drydale,kdrydalei4@nsw.gov.au,Male,3.13.93.152
654,Fulvia,Wilcockes,fwilcockesi5@xinhuanet.com,Female,54.186.237.10
655,Linus,Finlayson,lfinlaysoni6@barnesandnoble.com,Male,225.91.237.68
656,Charissa,Blanchard,cblanchardi7@geocities.com,Female,42.88.124.155
657,Loren,Guerrieri,lguerrierii8@scribd.com,Female,252.70.200.253
658,Rafael,Lassen,rlasseni9@tumblr.com,Male,173.254.125.247
659,Abramo,Wellen,awellenia@time.com,Male,54.236.77.197
660,Ilsa,Wasbey,iwasbeyib@bbb.org,Female,8.246.212.201
661,Brody,McKniely,bmcknielyic@japanpost.jp,Genderqueer,233.84.80.204
662,Shellie,Taphouse,staphouseid@naver.com,Female,8.103.119.5
663,Aleda,Mewitt,amewittie@xing.com,Female,47.0.81.207
664,Fernando,Danniel,fdannielif@dedecms.com,Agender,137.192.153.95
665,Fitzgerald,Hakey,fhakeyig@surveymonkey.com,Male,172.174.218.76
666,Judon,Bilton,jbiltonih@acquirethisname.com,Male,30.247.174.121
667,Janot,Mollison,jmollisonii@is.gd,Female,123.204.52.44
668,Bibbie,Harman,bharmanij@odnoklassniki.ru,Female,127.139.231.123
669,Marlee,Tolomelli,mtolomelliik@phoca.cz,Female,204.189.7.84
670,Sammy,Ianno,siannoil@prweb.com,Female,102.6.125.162
671,Donn,Lawie,dlawieim@tripod.com,Male,243.39.182.183
672,Ortensia,Raynham,oraynhamin@ustream.tv,Genderfluid,24.93.162.168
673,Shelton,McNicol,smcnicolio@eepurl.com,Male,216.105.144.69
674,Christos,Suttling,csuttlingip@exblog.jp,Male,60.138.206.17
675,Denny,Dorken,ddorkeniq@free.fr,Female,255.147.69.168
676,Clywd,Temprell,ctemprellir@prnewswire.com,Male,30.7.227.72
677,Gawen,St. Paul,gstpaulis@liveinternet.ru,Male,210.36.239.233
678,Vincents,Jentges,vjentgesit@stanford.edu,Male,235.90.0.104
679,Minta,Dillintone,mdillintoneiu@microsoft.com,Female,1.137.3.176
680,Daisi,Ableson,dablesoniv@scientificamerican.com,Female,66.188.130.52
681,Roddie,Harlowe,rharloweiw@deliciousdays.com,Male,2.251.111.231
682,Moll,Lauret,mlauretix@amazon.de,Female,7.130.39.152
683,Nesta,Takos,ntakosiy@pbs.org,Female,254.212.244.27
684,Merrilee,Falconbridge,mfalconbridgeiz@google.ru,Female,108.182.12.214
685,Opal,Clapperton,oclappertonj0@imgur.com,Female,47.113.133.95
686,Wye,Tommaseo,wtommaseoj1@chicagotribune.com,Male,105.100.158.2
687,Anatola,Gian,agianj2@indiegogo.com,Female,31.167.9.17
688,Tabatha,Hustings,thustingsj3@infoseek.co.jp,Genderfluid,250.249.241.250
689,Mufinella,MacCafferty,mmaccaffertyj4@barnesandnoble.com,Female,216.197.147.119
690,Lil,Tripet,ltripetj5@ihg.com,Female,209.126.72.21
691,Donny,Stollsteimer,dstollsteimerj6@nps.gov,Male,71.181.247.212
692,Chauncey,McIlmorie,cmcilmoriej7@shop-pro.jp,Male,15.109.181.187
693,Elmore,Menghi,emenghij8@uol.com.br,Male,252.144.136.137
694,Nat,Laboune,nlabounej9@examiner.com,Male,40.74.158.225
695,Teador,Defond,tdefondja@cocolog-nifty.com,Male,211.77.85.43
696,Amie,Alflat,aalflatjb@twitpic.com,Female,25.93.249.101
697,Asa,Labitt,alabittjc@utexas.edu,Male,134.6.194.194
698,Tessy,Wombwell,twombwelljd@newyorker.com,Female,111.252.227.242
699,Gardiner,McMinn,gmcminnje@samsung.com,Male,178.62.136.242
700,Winifield,Nickols,wnickolsjf@globo.com,Male,254.49.186.221
701,Donall,Luckey,dluckeyjg@fema.gov,Male,182.160.141.10
702,Remus,Tythacott,rtythacottjh@canalblog.com,Male,106.235.45.172
703,Cullen,MacDermott,cmacdermottji@blogs.com,Non-binary,41.137.214.163
704,Stearne,Kitchiner,skitchinerjj@bbc.co.uk,Male,67.129.147.237
705,Arman,Andresen,aandresenjk@fema.gov,Male,55.193.2.140
706,Reynard,Capelen,rcapelenjl@ftc.gov,Male,98.42.85.249
707,Mirelle,Quilligan,mquilliganjm@pcworld.com,Polygender,212.93.228.223
708,Judie,Garland,jgarlandjn@seattletimes.com,Female,3.68.161.118
709,Ariel,Cannell,acannelljo@arizona.edu,Male,9.243.233.178
710,Andriette,Challenor,achallenorjp@bluehost.com,Female,183.109.158.136
711,Marlena,Felgat,mfelgatjq@usa.gov,Female,202.82.7.249
712,Willey,Shetliff,wshetliffjr@comsenz.com,Male,111.50.161.75
713,Silvain,Duligal,sduligaljs@taobao.com,Male,158.144.183.17
714,Norrie,MacRory,nmacroryjt@flavors.me,Female,251.41.103.59
715,Sheeree,Pither,spitherju@photobucket.com,Female,140.130.172.61
716,Justen,Mosson,jmossonjv@upenn.edu,Male,129.23.166.68
717,Angelika,Mincher,amincherjw@livejournal.com,Female,172.142.196.11
718,Artemis,Garvagh,agarvaghjx@nps.gov,Male,143.225.8.174
719,Nicol,Buxsy,nbuxsyjy@netscape.com,Male,250.14.80.78
720,Ami,Jarnell,ajarnelljz@imageshack.us,Female,132.80.106.129
721,Leanor,Grovier,lgrovierk0@goo.gl,Female,8.228.228.76
722,Mendel,Sate,msatek1@alexa.com,Male,146.174.44.248
723,Harold,Pirdy,hpirdyk2@nsw.gov.au,Male,64.153.175.192
724,Rana,Sykes,rsykesk3@nydailynews.com,Female,164.44.170.206
725,Tallia,Filippazzo,tfilippazzok4@npr.org,Female,82.18.128.44
726,Jammal,Stokoe,jstokoek5@thetimes.co.uk,Male,98.211.129.51
727,Gael,Prewett,gprewettk6@photobucket.com,Male,26.1.67.175
728,Osbert,Millwater,omillwaterk7@abc.net.au,Male,121.165.135.132
729,Farley,Seamans,fseamansk8@omniture.com,Male,155.181.56.126
730,Nico,Hallex,nhallexk9@mediafire.com,Male,177.23.183.228
731,Catina,MacFadzan,cmacfadzanka@toplist.cz,Female,6.66.234.128
732,Tedra,Pallesen,tpallesenkb@wordpress.com,Female,128.164.62.188
733,Kendall,Kittley,kkittleykc@ucoz.com,Male,227.36.117.87
734,Kirstin,Ditzel,kditzelkd@mlb.com,Female,141.70.64.104
735,Duffy,Gallear,dgallearke@about.me,Male,178.10.254.110
736,Hagen,Trolley,htrolleykf@addthis.com,Male,72.190.46.198
737,Darb,Crowdy,dcrowdykg@ucoz.ru,Male,196.218.144.136
738,Clemmie,Harriot,charriotkh@com.com,Female,55.93.211.42
739,Kurtis,Garbutt,kgarbuttki@cisco.com,Male,182.83.210.138
740,Hadlee,Densham,hdenshamkj@patch.com,Bigender,170.135.109.151
741,Paulina,Garner,pgarnerkk@google.com.hk,Female,69.94.220.251
742,Georges,Cleynaert,gcleynaertkl@deliciousdays.com,Male,7.183.217.210
743,Gratia,Sykes,gsykeskm@mozilla.org,Female,13.160.229.118
744,Huey,Ryce,hrycekn@archive.org,Male,82.26.186.227
745,Hussein,McQuode,hmcquodeko@bbc.co.uk,Male,97.166.76.152
746,Mara,Moyse,mmoysekp@skype.com,Non-binary,53.107.177.102
747,Katalin,Corbitt,kcorbittkq@walmart.com,Female,98.19.55.94
748,Antoinette,Morales,amoraleskr@biglobe.ne.jp,Female,197.206.95.43
749,Jeannette,Heinicke,jheinickeks@hp.com,Female,198.18.116.175
750,Felizio,Petrakov,fpetrakovkt@yelp.com,Male,185.113.128.132
751,Mabelle,Tilio,mtilioku@opera.com,Female,189.13.122.186
752,Bertrand,Tanfield,btanfieldkv@merriam-webster.com,Non-binary,196.140.229.196
753,Bruis,Fairlam,bfairlamkw@netlog.com,Genderqueer,170.47.34.119
754,Leeann,Vaggers,lvaggerskx@scribd.com,Female,186.171.65.146
755,Ronald,Rodman,rrodmanky@who.int,Male,22.176.0.242
756,Peadar,Corradetti,pcorradettikz@stanford.edu,Male,193.84.215.138
757,Payton,Somerset,psomersetl0@cam.ac.uk,Male,53.108.220.163
758,Tucker,Orrice,torricel1@google.es,Male,193.212.177.55
759,Ralina,Digby,rdigbyl2@de.vu,Bigender,17.11.139.81
760,Toddie,Minihane,tminihanel3@meetup.com,Male,64.13.191.211
761,Dorothee,Stidworthy,dstidworthyl4@foxnews.com,Female,103.59.209.169
762,Morissa,Manginot,mmanginotl5@yellowbook.com,Female,133.7.202.12
763,Kath,Sentance,ksentancel6@theglobeandmail.com,Genderqueer,199.57.232.71
764,Dasie,Lendon,dlendonl7@businessweek.com,Female,63.106.145.98
765,Nessy,Snaden,nsnadenl8@rambler.ru,Female,87.124.200.15
766,Paquito,O'Siaghail,posiaghaill9@newyorker.com,Male,86.182.56.167
767,Stanton,Keohane,skeohanela@jiathis.com,Male,104.43.226.71
768,Glory,Murrie,gmurrielb@un.org,Female,75.56.139.109
769,Shelia,Saffle,ssafflelc@sphinn.com,Female,54.132.144.39
770,Gustaf,Eisak,geisakld@admin.ch,Male,225.89.131.247
771,Court,Danter,cdanterle@barnesandnoble.com,Male,202.254.128.38
772,Marci,Willgoose,mwillgooself@reddit.com,Female,3.209.17.188
773,Leontyne,Leal,lleallg@earthlink.net,Female,170.5.242.191
774,Allen,Peppin,apeppinlh@rakuten.co.jp,Male,252.1.224.248
775,Kin,Boneham,kbonehamli@elpais.com,Bigender,5.6.12.235
776,Aprilette,Shawdforth,ashawdforthlj@purevolume.com,Female,43.155.106.136
777,Derward,Preston,dprestonlk@e-recht24.de,Male,206.90.34.130
778,Joellen,Southwell,jsouthwellll@nyu.edu,Female,115.76.125.210
779,Gasparo,Starie,gstarielm@drupal.org,Non-binary,7.27.14.118
780,Tommie,Van Der Straaten,tvanderstraatenln@tmall.com,Male,35.230.90.15
781,Myrilla,Iliffe,miliffelo@mozilla.org,Polygender,185.81.80.189
782,Sadella,Pennington,spenningtonlp@naver.com,Female,198.82.201.12
783,Marcellus,Semered,msemeredlq@mlb.com,Male,12.248.3.241
784,Loleta,Wanstall,lwanstalllr@dmoz.org,Female,80.122.9.135
785,Mignonne,Burgen,mburgenls@scientificamerican.com,Female,49.152.142.117
786,Rachele,Aykroyd,raykroydlt@thetimes.co.uk,Female,252.231.19.105
787,Terri,Cristofolini,tcristofolinilu@zdnet.com,Genderfluid,131.195.49.229
788,Meredith,Fetteplace,mfetteplacelv@blogger.com,Male,23.98.9.18
789,Barry,Wippermann,bwippermannlw@yahoo.co.jp,Male,167.63.137.89
790,Delora,Caren,dcarenlx@jiathis.com,Female,53.244.119.246
791,Bank,Huthart,bhuthartly@constantcontact.com,Male,15.66.74.204
792,Yalonda,Kurten,ykurtenlz@dailymail.co.uk,Female,189.165.60.252
793,Vale,Brassill,vbrassillm0@cam.ac.uk,Male,133.64.15.81
794,Nan,Blackham,nblackhamm1@barnesandnoble.com,Female,146.91.196.69
795,Donnie,Dundendale,ddundendalem2@topsy.com,Female,55.160.81.38
796,Isabeau,Cancott,icancottm3@ow.ly,Female,160.182.242.135
797,Boyce,Banister,bbanisterm4@cocolog-nifty.com,Male,250.67.12.200
798,Libby,Kinforth,lkinforthm5@gov.uk,Female,224.216.0.9
799,Ceil,Cherrett,ccherrettm6@weather.com,Female,158.166.29.32
800,Alair,Annets,aannetsm7@friendfeed.com,Male,200.68.235.146
801,Pavlov,Pepperill,ppepperillm8@so-net.ne.jp,Male,210.38.192.73
802,Minnie,Parriss,mparrissm9@accuweather.com,Female,212.51.64.214
803,Ignacius,Asker,iaskerma@wunderground.com,Male,210.195.3.22
804,Ted,Copello,tcopellomb@mashable.com,Male,216.88.236.254
805,Thea,Vedyaev,tvedyaevmc@last.fm,Female,244.25.80.38
806,Venus,Frise,vfrisemd@cornell.edu,Female,171.197.174.109
807,Massimo,Pilsbury,mpilsburyme@pbs.org,Male,172.1.252.118
808,Corny,Passman,cpassmanmf@amazon.co.jp,Female,143.3.236.112
809,Joelie,Howood,jhowoodmg@jigsy.com,Female,108.185.222.72
810,Grannie,Howsley,ghowsleymh@google.pl,Male,244.159.187.26
811,Yehudi,Hamstead,yhamsteadmi@plala.or.jp,Male,24.185.161.3
812,Ezechiel,Genicke,egenickemj@newsvine.com,Male,233.32.252.131
813,Town,Eley,teleymk@wikimedia.org,Male,123.152.18.201
814,Isaac,Lannon,ilannonml@nymag.com,Male,76.37.242.151
815,Stephannie,Iaduccelli,siaduccellimm@exblog.jp,Female,95.76.56.22
816,Elana,Odger,eodgermn@soup.io,Female,183.164.68.175
817,Ive,Tregaskis,itregaskismo@discovery.com,Male,18.39.43.109
818,Allianora,Eamer,aeamermp@gravatar.com,Female,106.26.117.153
819,Moishe,Hullah,mhullahmq@i2i.jp,Male,129.69.42.172
820,Lynette,Treharne,ltreharnemr@hexun.com,Female,65.221.72.182
821,Kassandra,Vannah,kvannahms@nymag.com,Female,204.35.77.95
822,Giulietta,Standbrook,gstandbrookmt@sciencedirect.com,Female,222.175.68.231
823,Javier,Over,jovermu@cdbaby.com,Polygender,90.119.72.36
824,Antonius,Piotrkowski,apiotrkowskimv@statcounter.com,Male,134.227.87.241
825,Krisha,Tuttiett,ktuttiettmw@rambler.ru,Bigender,26.111.37.167
826,Minerva,Letertre,mletertremx@myspace.com,Female,19.3.40.146
827,Artemis,Nulty,anultymy@topsy.com,Male,20.28.179.76
828,Keene,Soughton,ksoughtonmz@google.ca,Male,238.205.197.244
829,Chandler,Espinho,cespinhon0@fastcompany.com,Male,220.171.68.137
830,Milli,Vannet,mvannetn1@csmonitor.com,Female,147.146.129.43
831,Candida,Desaur,cdesaurn2@sfgate.com,Female,24.63.55.236
832,Lynnet,Braniff,lbraniffn3@wsj.com,Female,188.253.102.6
833,Shana,Turbern,sturbernn4@360.cn,Female,160.179.203.76
834,Stephi,Opdenort,sopdenortn5@cmu.edu,Female,251.125.23.216
835,Ivory,Balint,ibalintn6@theglobeandmail.com,Female,63.226.228.207
836,Karylin,Oxbie,koxbien7@list-manage.com,Female,82.93.123.217
837,Byron,Duigan,bduigann8@umich.edu,Male,102.161.119.160
838,Lexine,Leil,lleiln9@altervista.org,Female,211.245.211.180
839,Annelise,Biglin,abiglinna@newsvine.com,Female,4.5.47.117
840,Darby,Di Nisco,ddinisconb@blogspot.com,Male,233.182.222.113
841,Xavier,Colby,xcolbync@yelp.com,Male,88.147.186.83
842,Arnold,Coogan,acoogannd@upenn.edu,Male,132.82.134.184
843,Johnette,Mochar,jmocharne@yolasite.com,Agender,156.61.101.121
844,Bonnie,Gedge,bgedgenf@google.com.au,Non-binary,240.17.193.145
845,Dene,Esparza,desparzang@fotki.com,Male,94.209.177.109
846,Abey,Pothecary,apothecarynh@example.com,Male,224.117.174.97
847,Genvieve,Surgey,gsurgeyni@ox.ac.uk,Female,86.78.108.70
848,Myriam,Atto,mattonj@ed.gov,Female,210.172.220.57
849,Cora,Cosgrove,ccosgrovenk@xing.com,Polygender,6.25.188.192
850,Mead,Coplestone,mcoplestonenl@seesaa.net,Male,105.26.181.151
851,Augusta,Shillabeer,ashillabeernm@digg.com,Female,36.198.247.140
852,Meriel,Lewzey,mlewzeynn@163.com,Female,185.120.71.0
853,Bettina,Kehir,bkehirno@purevolume.com,Female,207.5.14.87
854,Dall,Checketts,dcheckettsnp@forbes.com,Non-binary,244.187.116.79
855,Minette,Wisdish,mwisdishnq@who.int,Female,253.237.186.213
856,Boy,Lytlle,blytllenr@quantcast.com,Male,160.179.19.15
857,Joly,Vermer,jvermerns@guardian.co.uk,Female,235.54.205.23
858,Kaylil,Domleo,kdomleont@mlb.com,Female,56.16.237.173
859,Caressa,Chinnock,cchinnocknu@marketwatch.com,Female,43.105.116.3
860,Orlando,Sheed,osheednv@vimeo.com,Male,8.61.95.200
861,Karolina,Randlesome,krandlesomenw@google.com,Female,174.237.51.151
862,Germain,Matthai,gmatthainx@nba.com,Female,228.21.99.224
863,Brianna,Hucks,bhucksny@simplemachines.org,Female,248.41.45.226
864,Jeana,Abrashkin,jabrashkinnz@jiathis.com,Female,142.52.112.208
865,Thedric,Woodage,twoodageo0@tuttocitta.it,Male,219.30.187.202
866,Robbin,Guynemer,rguynemero1@networksolutions.com,Female,97.215.179.213
867,Gail,Rouge,grougeo2@naver.com,Female,28.48.104.106
868,Loria,Catton,lcattono3@wikimedia.org,Female,217.39.110.79
869,Emanuel,Bleibaum,ebleibaumo4@php.net,Male,97.236.188.43
870,Godfry,Redford,gredfordo5@eepurl.com,Genderqueer,69.190.201.106
871,Anjanette,Tooting,atootingo6@dmoz.org,Female,245.41.74.124
872,Doralin,Truwert,dtruwerto7@cisco.com,Female,196.174.105.97
873,Burl,Alessandrelli,balessandrellio8@dagondesign.com,Male,212.52.77.124
874,Jennette,Pencot,jpencoto9@purevolume.com,Female,20.91.37.67
875,Lilian,Cowely,lcowelyoa@cbc.ca,Female,115.105.158.161
876,Sylas,Riccardi,sriccardiob@odnoklassniki.ru,Male,115.223.72.138
877,Isac,Dron,idronoc@facebook.com,Male,211.49.148.23
878,Evelyn,Janzen,ejanzenod@vinaora.com,Polygender,116.71.218.237
879,Gates,Wharfe,gwharfeoe@arizona.edu,Female,156.226.93.77
880,Boris,Horry,bhorryof@themeforest.net,Male,25.247.207.245
881,Easter,Paula,epaulaog@scribd.com,Female,123.69.134.153
882,Jaclin,Slark,jslarkoh@dropbox.com,Female,100.249.154.46
883,Stanwood,Ketteridge,sketteridgeoi@bing.com,Male,147.48.127.18
884,Kata,Canceller,kcancelleroj@latimes.com,Female,89.12.42.163
885,Fred,McSparran,fmcsparranok@a8.net,Female,4.48.170.219
886,Tallou,Coaster,tcoasterol@deliciousdays.com,Female,132.0.12.68
887,Zane,Butterwick,zbutterwickom@netscape.com,Male,143.165.0.59
888,Gardie,Liepins,gliepinson@comsenz.com,Male,75.115.18.62
889,Basilius,Wanstall,bwanstalloo@typepad.com,Male,20.231.219.0
890,Angelique,Mussalli,amussalliop@ehow.com,Female,117.44.91.218
891,Giovanni,Piell,gpielloq@salon.com,Male,87.4.177.183
892,Donavon,Durant,ddurantor@topsy.com,Male,34.184.129.136
893,Eugenio,Kenney,ekenneyos@privacy.gov.au,Male,182.85.99.155
894,Cindy,Scurrah,cscurrahot@wordpress.com,Female,251.88.226.18
895,Emily,Gately,egatelyou@nymag.com,Female,227.172.86.46
896,Hadria,Gillcrist,hgillcristov@livejournal.com,Female,107.18.74.138
897,Dianna,Leak,dleakow@github.com,Female,154.164.191.41
898,Ruprecht,Bakster,rbaksterox@nydailynews.com,Male,232.125.60.10
899,Alexandr,Leipnik,aleipnikoy@miibeian.gov.cn,Male,131.245.200.16
900,Julie,Toun,jtounoz@accuweather.com,Female,31.47.106.33
901,Patrice,Sedman,psedmanp0@walmart.com,Male,117.119.118.241
902,Lyle,Abrahim,labrahimp1@marriott.com,Male,126.3.214.242
903,Hayyim,Collister,hcollisterp2@sbwire.com,Male,167.9.178.53
904,Leila,McClaren,lmcclarenp3@sakura.ne.jp,Female,87.217.7.139
905,Danya,Krinks,dkrinksp4@ebay.co.uk,Female,245.152.137.167
906,Cynthie,Ceschelli,cceschellip5@cnbc.com,Female,21.95.178.120
907,Sarge,Springle,sspringlep6@creativecommons.org,Male,15.84.167.15
908,Cher,Earngy,cearngyp7@chicagotribune.com,Female,153.251.45.181
909,Kevyn,Garthside,kgarthsidep8@disqus.com,Female,245.120.250.1
910,Jori,Zaczek,jzaczekp9@microsoft.com,Female,92.79.156.119
911,Arlyn,Dunne,adunnepa@slashdot.org,Female,39.95.79.32
912,Mead,Golden of Ireland,mgoldenofirelandpb@scribd.com,Female,89.234.15.169
913,Laurens,Wheatman,lwheatmanpc@last.fm,Male,109.136.94.51
914,Valentijn,Hamill,vhamillpd@bloglines.com,Male,148.127.247.21
915,Cleopatra,Denis,cdenispe@nyu.edu,Female,225.91.111.2
916,Rosita,Mounfield,rmounfieldpf@icio.us,Female,20.68.50.166
917,Verene,Boliver,vboliverpg@pbs.org,Female,159.115.99.82
918,Hattie,Ryall,hryallph@prweb.com,Female,211.210.92.219
919,Jonie,Barling,jbarlingpi@google.co.jp,Female,54.27.159.237
920,Maria,Waddingham,mwaddinghampj@xing.com,Female,147.6.79.186
921,Benedicta,Salzen,bsalzenpk@acquirethisname.com,Female,199.234.255.191
922,Pepillo,Blowes,pblowespl@dagondesign.com,Male,245.47.17.74
923,Mattheus,Rodbourne,mrodbournepm@spotify.com,Male,29.100.106.185
924,D'arcy,Wye,dwyepn@who.int,Male,148.62.31.83
925,Lynelle,Burbudge,lburbudgepo@tmall.com,Female,153.15.94.47
926,Pierce,Tombs,ptombspp@exblog.jp,Non-binary,137.191.179.152
927,Hadleigh,Vose,hvosepq@newsvine.com,Male,159.247.21.93
928,Corine,Bucknill,cbucknillpr@123-reg.co.uk,Female,13.126.11.189
929,Gar,Luciani,glucianips@admin.ch,Male,237.6.64.3
930,Mata,Rummer,mrummerpt@webs.com,Genderqueer,78.8.18.70
931,Connie,Gasking,cgaskingpu@who.int,Male,37.50.92.190
932,Daile,O'Gready,dogreadypv@barnesandnoble.com,Female,70.44.60.43
933,Claude,Jaumet,cjaumetpw@amazon.com,Agender,167.25.246.103
934,Estel,Racher,eracherpx@netvibes.com,Agender,250.142.228.198
935,Ravi,Butfield,rbutfieldpy@w3.org,Male,26.29.39.187
936,Yalonda,Veysey,yveyseypz@ezinearticles.com,Female,103.247.159.145
937,Ursa,Goldstraw,ugoldstrawq0@webnode.com,Agender,204.131.75.10
938,Carie,Pietrowski,cpietrowskiq1@youtu.be,Female,225.96.222.0
939,Auroora,Stoffler,astofflerq2@google.es,Genderfluid,198.107.43.146
940,Dell,Morrid,dmorridq3@wikispaces.com,Male,87.197.57.249
941,Birgitta,Pinch,bpinchq4@nymag.com,Female,123.37.27.19
942,Errick,Goulbourn,egoulbournq5@deviantart.com,Male,253.92.19.107
943,Gertrud,Huggan,ghugganq6@usgs.gov,Female,73.123.112.79
944,Imogene,Gatling,igatlingq7@mozilla.org,Female,44.201.117.17
945,Gilbert,Elias,geliasq8@sourceforge.net,Male,239.113.36.142
946,Jasmine,Cuniffe,jcuniffeq9@biblegateway.com,Bigender,131.234.12.87
947,Shirl,Guirardin,sguirardinqa@sourceforge.net,Female,139.182.243.143
948,Erasmus,Roughey,erougheyqb@cyberchimps.com,Male,201.174.41.219
949,Adelice,Algeo,aalgeoqc@toplist.cz,Female,82.181.5.149
950,Margery,Brislan,mbrislanqd@1688.com,Female,125.96.119.163
951,Caroljean,Kemball,ckemballqe@cnet.com,Female,246.236.194.129
952,Angy,Lomb,alombqf@reference.com,Female,16.71.203.169
953,Lay,Boshere,lboshereqg@reuters.com,Non-binary,21.233.149.127
954,Austin,Tween,atweenqh@bluehost.com,Female,3.63.100.100
955,Delphinia,Mulder,dmulderqi@noaa.gov,Female,152.137.178.81
956,Karmen,Lars,klarsqj@topsy.com,Female,149.23.76.83
957,Carol-jean,Edwards,cedwardsqk@guardian.co.uk,Bigender,255.198.77.183
958,Bradly,Donati,bdonatiql@1688.com,Male,113.99.39.155
959,Lynnet,Dragon,ldragonqm@istockphoto.com,Female,152.121.50.122
960,Terrence,Aloshkin,taloshkinqn@accuweather.com,Male,202.23.179.180
961,Ernestine,MacGuffie,emacguffieqo@java.com,Female,247.27.31.60
962,Alaster,Gladwin,agladwinqp@smugmug.com,Male,216.69.125.66
963,Augusto,Rigmond,arigmondqq@auda.org.au,Male,191.177.146.127
964,Rafael,Di Francecshi,rdifrancecshiqr@usatoday.com,Male,196.158.158.216
965,Zandra,Belsey,zbelseyqs@sitemeter.com,Female,229.250.57.138
966,Maridel,D'Errico,mderricoqt@baidu.com,Female,42.247.147.124
967,Wandie,Hendrix,whendrixqu@sohu.com,Female,121.109.9.195
968,Thorndike,Teenan,tteenanqv@ft.com,Male,224.102.172.153
969,Maurizia,Cornall,mcornallqw@angelfire.com,Female,129.59.124.167
970,Alano,Dudenie,adudenieqx@netvibes.com,Polygender,57.22.218.224
971,Dukie,Harrowing,dharrowingqy@cafepress.com,Bigender,229.216.253.48
972,Pearle,Bigham,pbighamqz@cbslocal.com,Female,74.22.40.172
973,Harwilll,Burgess,hburgessr0@msu.edu,Male,117.203.194.100
974,Ashton,Balsdon,abalsdonr1@is.gd,Male,81.213.78.166
975,Shirleen,Van Daalen,svandaalenr2@cyberchimps.com,Female,7.55.25.77
976,Berty,Cowlard,bcowlardr3@wsj.com,Male,37.75.57.68
977,Kristoffer,Pashler,kpashlerr4@technorati.com,Male,72.69.167.132
978,Edgardo,Dillamore,edillamorer5@businessweek.com,Male,223.19.230.232
979,Gabie,Murfett,gmurfettr6@joomla.org,Female,237.171.242.1
980,Stearn,Girardey,sgirardeyr7@goodreads.com,Male,159.225.14.196
981,Aldin,Blown,ablownr8@newyorker.com,Male,184.186.136.160
982,Perry,Bradforth,pbradforthr9@storify.com,Male,87.174.180.51
983,Carl,Kellen,ckellenra@php.net,Male,25.18.69.69
984,Avrit,Burress,aburressrb@businesswire.com,Female,103.240.196.181
985,Dollie,Gough,dgoughrc@google.cn,Female,70.199.185.105
986,Francesco,Frift,ffriftrd@blogtalkradio.com,Male,158.67.173.215
987,Fairfax,Gorsse,fgorssere@dailymotion.com,Male,253.22.138.112
988,Andrus,Saunper,asaunperrf@apple.com,Male,229.244.255.72
989,Wrennie,Duprey,wdupreyrg@wix.com,Female,136.208.24.102
990,Neille,Vannuccini,nvannuccinirh@google.cn,Female,227.35.179.176
991,Friedrich,Tillard,ftillardri@pcworld.com,Male,212.172.33.235
992,Cherye,Stanistreet,cstanistreetrj@altervista.org,Bigender,44.208.137.37
993,Delmar,Georgievski,dgeorgievskirk@state.gov,Genderfluid,204.145.144.201
994,Court,Tidcombe,ctidcomberl@disqus.com,Agender,220.198.21.147
995,Ruben,Riply,rriplyrm@ted.com,Male,31.129.52.63
996,Rafaela,Plaxton,rplaxtonrn@europa.eu,Female,253.108.249.243
997,Jarrod,Cahalan,jcahalanro@hexun.com,Bigender,249.23.27.11
998,Ambrosius,Tzarkov,atzarkovrp@de.vu,Male,114.121.41.170
999,Ellery,Yewdell,eyewdellrq@mapquest.com,Male,166.232.54.245
1000,Taber,Raoult,traoultrr@alibaba.com,Male,148.77.97.214
